<?xml version="1.0" encoding="UTF-8" standalone="yes"?>
<addon id="repository.Shepo" name="Shepo Repo" version="0.0.6" provider-name="Shepo">
	<extension point="xbmc.addon.repository" name="Shepo Repo">
		<info compressed="false">https://raw.github.com/Shepo6/Shepo/master/addons.xml</info>
		<checksum>https://raw.github.com/Shepo6/Shepo/master/addons.xml.md5</checksum>
		<datadir zip="true">https://raw.github.com/Shepo6/Shepo/master/</datadir> 
	</extension>
	
	<extension point="xbmc.addon.metadata">
		<summary>Shepo Repository</summary>
		<description>Home of the Shepo Wizard</description>
		<platform>all</platform>
	</extension>
</addon>
