<?xml version="1.0" encoding="UTF-8" standalone="yes"?>
<addon id="plugin.video.atomic" name="Atomic" version="1.0" provider-name="Shepo">
    <requires>
        <import addon="xbmc.python" version="2.19.0" />
        <import addon="script.module.nanscrapers" version="0.5.5" />
        <import addon="script.module.python.koding.aio" version="0.9.6.6" />
        <import addon="script.module.beautifulsoup" version="3.2.1" />
        <import addon="script.module.requests" version="2.9.1" />
        <import addon="script.module.addon.common" version="2.0.0" />
        <import addon="script.module.xmltodict" version="0.9.0" />
        <!--<import addon="script.module.web-pdb" version="1.0"/>-->
        <import addon="script.module.urlresolver" version="1.2.0" />
    </requires>
    <extension point="xbmc.python.pluginsource" library="default.py">
        <provides>audio video</provides>
    </extension>
    <extension point="xbmc.service" library="service.py" start="[login|startup]" />
    <extension point="xbmc.addon.metadata">
      <summary lang="en">Atomic offers Movies, TV Shows, Kids, Concerts for the community to enjoy!!! Contact the dev on Twitter @Shepo06</summary>
      <summary lang="he">Atomic מציעה סרטים, תוכניות טלוויזיה, ילדים, קונצרטים עבור הקהילה ליהנות !!!</summary>
      <description lang="en"></description>
      <description lang="he"></description>
      <disclaimer lang="en">The author of this addon do not host any of the content which is found and have no affiliation with any of the content providers. This addon simply searches websites for content. Use at your own risk!</disclaimer>
      <disclaimer lang="he">מחבר ההרחבה זה אינו מארח את התוכן שיתכן ויימצא ואין לו זיקה לאף אחד מספקי התוכן. הרחבה רק מחפשת תוכן שקיים באתרי אינטרנט. השימוש בהרחבה הוא על אחריותך בלבד!</disclaimer>
      <platform>all</platform>
        <website>@Shepo06</website>
        <video_guide>xtOqLY5PJDY</video_guide>
        <assets>
          <icon>icon.png</icon>
          <fanart>fanart.jpg</fanart>
          <screenshot>resources/screenshots/Screenshot_1.png</screenshot>
          <screenshot>resources/screenshots/Screenshot_2.png</screenshot>
    </assets>
    </extension>
</addon>
