<?xml version="1.0" encoding="UTF-8" standalone="yes"?>
<addon id="repository.Shepo" name="Shepo Repo" version="0.0.5" provider-name="Shepo">
	<extension point="xbmc.addon.repository" name="Shepo Repo">
		<info compressed="false">https://raw.github.com/Shepo6/Shepo/master/addons.xml</info>
		<checksum>https://raw.github.com/Shepo6/Shepo/master/addons.xml.md5</checksum>
		<datadir zip="true">https://raw.github.com/Shepo6/Shepo/master/</datadir>

	<dir>
		<info compressed="false">https://offshoregit.com/tvaresolvers/tva-common-repository/raw/master/addons.xml</info>
		<checksum>https://offshoregit.com/tvaresolvers/tva-common-repository/raw/master/addons.xml.md5</checksum>
		<datadir zip="true">https://offshoregit.com/tvaresolvers/tva-common-repository/raw/master/zips/</datadir>
	</dir>
 
	</extension>
	<extension point="xbmc.addon.metadata">
		<summary>Shepo Repository</summary>
		<description>Home of the Shepo Wizard</description>
		<platform>all</platform>
	</extension>
</addon>
