<?xml version="1.0" encoding="UTF-8" standalone="yes"?>
<addon id="repository.Shepo" name="Shepo Repo" version="0.0.9" provider-name="Shepo">
	<requires>
		<import addon="xbmc.addon" version="12.0.0"/>
    </requires>
	<extension point="xbmc.addon.repository" name="Shepo Repo">
	<dir>
		<info compressed="false">https://raw.github.com/Shepo6/Shepo/master/addons.xml</info>
		<checksum>https://raw.github.com/Shepo6/Shepo/master/addons.xml.md5</checksum>
		<datadir zip="true">https://raw.github.com/Shepo6/Shepo/master/</datadir>
	</dir>
	<dir>
		<info compressed="false">https://github.com/tvaddonsco/tva-resolvers-repo/raw/master/addons.xml</info>
		<checksum>https://github.com/tvaddonsco/tva-resolvers-repo/raw/master/addons.xml.md5</checksum>
		<datadir zip="true">https://github.com/tvaddonsco/tva-resolvers-repo/raw/master/zips/</datadir>
	</dir>
	<dir>
		<info compressed="false">https://raw.githubusercontent.com/noobsandnerds/modules4all/master/zips/addons.xml</info>
		<checksum>https://raw.githubusercontent.com/noobsandnerds/modules4all/master/zips/addons.xml.md5</checksum>
		<datadir zip="true">https://raw.githubusercontent.com/noobsandnerds/modules4all/master/zips/</datadir>
	</dir>
	</extension>
	<extension point="xbmc.addon.metadata">
		<summary>Shepo Repository</summary>
		<description>Home of the Shepo Wizard</description>
		<platform>all</platform>
	</extension>
</addon>