<?xml version="1.0" encoding="UTF-8" standalone="yes"?>
<addon id="repository.Shepo" name="Shepo Repo" version="0.0.8" provider-name="Shepo">
	<requires>
		<import addon="xbmc.addon" version="12.0.0"/>
    </requires>
	<extension point="xbmc.addon.repository" name="Shepo Repo">
		<dir>
		<info compressed="false">https://raw.github.com/Shepo6/Shepo/master/addons.xml</info>
		<checksum>https://raw.github.com/Shepo6/Shepo/master/addons.xml.md5</checksum>
		<datadir zip="true">https://raw.github.com/Shepo6/Shepo/master/</datadir>
	</dir>
	<dir>
		<info compressed="false">https://raw.githubusercontent.com/totalrevolution/python-koding/master/zips/addons.xml</info>
		<checksum>https://raw.githubusercontent.com/totalrevolution/python-koding/master/zips/addons.xml.md5</checksum>
		<datadir zip="true">https://raw.githubusercontent.com/totalrevolution/python-koding/master/zips/</datadir>
	</dir>
	<dir>
		<info compressed="false">https://gitlab.com/TeamUniversal/modules4all/raw/master/addons.xml</info>
		<checksum>https://gitlab.com/TeamUniversal/modules4all/raw/master/addons.xml.md5</checksum>
		<datadir zip="true">https://gitlab.com/TeamUniversal/modules4all/raw/master/</datadir>
	</dir>
	<dir>
		<info compressed="false">https://raw.githubusercontent.com/jsergio123/zips/master/addons.xml</info>
		<checksum>https://raw.githubusercontent.com/jsergio123/zips/master/addons.xml.md5</checksum>
		<datadir zip="true">https://raw.githubusercontent.com/jsergio123/zips/master/</datadir>
	</dir>	
	</extension>
	<extension point="xbmc.addon.metadata">
		<summary>Shepo Repository</summary>
		<description>Home of the Shepo Wizard</description>
		<platform>all</platform>
	</extension>
</addon>